Time,MSD
17.75200000, 0.00009334
17.75300000, 0.00034573
17.75550000, 0.00149169
17.75900000, 0.00387991
17.76600000, 0.00898002
17.77850000, 0.01281899
17.80050000, 0.01955721
17.83900000, 0.03444329
17.90850000, 0.06876457
18.03150000, 0.13400334
18.25050000, 0.20332560
18.63950000, 0.48470666
19.33150000, 0.94291394
20.56200000, 1.45097471
22.75050000, 2.54245916
26.64150000, 5.40744917
33.56150000, 9.03984407
45.86750000, 13.92694820
