Time,f(q,t)
17.75200000, 0.99898302
17.75300000, 0.99624136
17.75550000, 0.98328743
17.75900000, 0.95642670
17.76600000, 0.89996496
17.77850000, 0.87192534
17.80050000, 0.81797400
17.83900000, 0.71372254
17.90850000, 0.55691520
18.03150000, 0.29376681
18.25050000, 0.29544362
18.63950000, 0.16663772
19.33150000, 0.12409410
20.56200000, 0.08377601
22.75050000, -0.01581744
26.64150000, 0.02432240
33.56150000, 0.01761857
45.86750000, 0.03995008
